id;nombre;descripcion;activo
1;payment;XSS solid state Handmade Granite Fish;false
2;Configurable;Delaware Health Borders;false
3;efficient back up Tactics;Borders;false
4;revolutionary Sports Fantastic;benchmark Planner;false
5;Turkish Lira overriding Rustic Metal Computer;deposit circuit Kids;true
6;Generic Granite Gloves capacitor;Assurance Auto Loan Account cross-platform;true
7;Avon invoice Malta;synthesizing Manors;true
8;Central African Republic;markets protocol Savings Account;true
9;Trafficway;pink Architect;false
10;Pizza redundant deposit;Towels Clothing;true
